,Conference,Avg Num Playoff Teams,Avg Num Playoffs Due to AQ,% of Teams Due to AQ
0,Big Ten,3.08,0.0,0.0
1,SEC,3.06,0.0,0.0
2,ACC,1.93,0.01,0.52
3,Big 12,1.61,0.01,0.62
4,AAC,0.79,0.21,26.58
5,MWC,0.66,0.23,34.849999999999994
6,Ind,0.37,0.0,0.0
7,MAC,0.21,0.18,85.71
8,Pac-12,0.18,0.04,22.220000000000002
9,Sun Belt,0.08,0.06,75.0
10,CUSA,0.03,0.02,66.67
